code,description
AD,Andorra
AE,United Arab Emirates
AF,Afghanistan
AG,Antigua and Barbuda
AI,Anguilla
AL,Albania
AM,Armenia
AN,Netherlands Antilles
AO,Angola
AQ,Antarctica
AR,Argentina
AS,American Samoa
AT,Austria
AU,Australia
AW,Aruba
AZ,Azerbaijan
BA,Bosnia and Herzegovina
BB,Barbados
BD,Bangladesh
BE,Belgium
BF,Burkina Faso
BG,Bulgaria
BH,Bahrain
BI,Burundi
BJ,Benin
BL,Saint Barthelemy
BM,Bermuda
BN,Brunei
BO,Bolivia
BQ,"Bonaire, Sint Eustatius, and Saba"
BR,Brazil
BS,The Bahamas
BT,Bhutan
BW,Botswana
BY,Belarus
BZ,Belize
CA,Canada
CC,Cocos (Keeling) Islands
CF,Central African Republic
CG,Congo
CH,Switzerland
CI,Cote d'Ivoire
CK,Cook Islands
CL,Chile
CM,Cameroon
CN,China
CO,Colombia
CR,Costa Rica
CS,Serbia and Montenegro
CU,Cuba
CV,Cape Verde
CW,Curacao
CX,Christmas Island
CY,Cyprus
CZ,Czech Republic
DD,East Germany
DE,Germany
DJ,Djibouti
DK,Denmark
DM,Dominica
DO,Dominican Republic
DZ,Algeria
EC,Ecuador
EE,Estonia
EG,Egypt
ER,Eritrea
ES,Spain
ET,Ethiopia
FI,Finland
FJ,Fiji
FK,Falkland Islands
FM,Federated States of Micronesia
FR,France
GA,Gabon
GB,United Kingdom
GD,Grenada
GE,Georgia
GF,French Guiana
GH,Ghana
GI,Gibraltar
GL,Greenland
GM,The Gambia
GN,Guinea
GP,Guadeloupe
GQ,Equatorial Guinea
GR,Greece
GT,Guatemala
GU,Guam
GW,Guinea-Bissau
GY,Guyana
HK,Hong Kong
HN,Honduras
HR,Croatia
HT,Haiti
HU,Hungary
ID,Indonesia
IE,Ireland
IL,Israel
IN,India
IO,British Indian Ocean Territory
IQ,Iraq
IR,Iran
IS,Iceland
IT,Italy
JM,Jamaica
JO,Jordan
JP,Japan
KE,Kenya
KG,Kyrgyzstan
KH,Cambodia
KI,Kiribati
KM,Comoros
KN,Saint Kitts and Nevis
KP,North Korea
KR,South Korea
KV,Kosovo
KW,Kuwait
KY,Cayman Islands
KZ,Kazakhstan
LA,Laos
LB,Lebanon
LC,Saint Lucia
LI,Liechtenstein
LK,Sri Lanka
LR,Liberia
LS,Lesotho
LT,Lithuania
LU,Luxembourg
LV,Latvia
LY,Libya
MA,Morocco
MC,Monaco
MD,Moldova
ME,Montenegro
MF,Saint Martin
MG,Madagascar
MH,Marshall Islands
MK,Macedonia
ML,Mali
MM,Burma
MN,Mongolia
MO,Macau
MP,Northern Mariana Islands
MQ,Martinique
MR,Mauritania
MS,Montserrat
MT,Malta
MU,Mauritius
MV,Maldives
MW,Malawi
MX,Mexico
MY,Malaysia
MZ,Mozambique
NA,Namibia
NC,New Caledonia
NE,Niger
NF,Norfolk Island
NG,Nigeria
NI,Nicaragua
NL,Netherlands
NO,Norway
NP,Nepal
NR,Nauru
NU,Niue
NZ,New Zealand
OM,Oman
PA,Panama
PE,Peru
PF,French Polynesia
PG,Papua New Guinea
PH,Philippines
PK,Pakistan
PL,Poland
PM,Saint Pierre and Miquelon
PR,Puerto Rico
PT,Portugal
PW,Palau
PY,Paraguay
QA,Qatar
RE,Reunion
RO,Romania
RS,Serbia
RU,Russia
RW,Rwanda
SA,Saudi Arabia
SB,Solomon Islands
SC,Seychelles
SD,Sudan
SE,Sweden
SG,Singapore
SH,"Saint Helena, Ascension, and Tristan da Cunha"
SI,Slovenia
SK,Slovakia
SL,Sierra Leone
SM,San Marino
SN,Senegal
SO,Somalia
SR,Suriname
SS,South Sudan
ST,Sao Tome and Principe
SU,U.S.S.R.
SV,El Salvador
SX,Sint Maarten
SY,Syria
SZ,Swaziland
TC,Turks and Caicos Islands
TD,Chad
TG,Togo
TH,Thailand
TJ,Tajikistan
TL,Timor-Leste
TM,Turkmenistan
TN,Tunisia
TO,Tonga
TP,East Timor
TR,Turkey
TT,Trinidad and Tobago
TV,Tuvalu
TW,Taiwan
TZ,Tanzania
UA,Ukraine
UG,Uganda
US,United States
UY,Uruguay
UZ,Uzbekistan
VC,Saint Vincent and the Grenadines
VE,Venezuela
VG,British Virgin Islands
VI,Virgin Islands
VN,Vietnam
VU,Vanuatu
WF,Wallis and Futuna
WS,Samoa
YD,South Yemen
YE,Yemen
YT,Mayotte
YU,Yugoslavia
ZA,South Africa
ZM,Zambia
ZW,Zimbabwe
