{"name":"travelwarnings_travel-danger","title":"Travel Danger","description":"Do State Department Travel Warnings Reflect Real Danger?\n\nThis dataset contains data and analysis from the article _[Do State Department Travel Warnings Reflect Real Danger?](https://blog.data.world/do-state-department-travel-warnings-reflect-real-danger-be4156970722)_\n\n\n# Key findings\n\n*  On the whole, there is a significant relationship between the number of American deaths abroad per capita and the number of travel warnings a country receives\n*  Mexico, Mali, and Israel have been targeted by the most travel warnings in recent years, but Americans are more likely to be killed in Thailand, Pakistan, and the Philippines\n*  Several countries with relatively high rates of American death have not been issued a single travel warning in ~7 years, including Belize, Guyana, and Guatemala\n*  Several countries with relatively low rates of American death have been issued a relatively high number of travel warnings in ~7 years, including Israel, Turkey, and Saudi Arabia\n*  Overall, countries subject to travel warnings do not see notable declines in American visitors in the 6 months after a warning is issued\n\n# Data sources\n\n*  `BTSOriginUS_10_09_to_06_16.csv` Air Carrier Statistics Database export, [Bureau of Transportation Statistics](https://www.transtats.bts.gov/DatabaseInfo.asp?DB_ID=111&DB_URL=)\n*  `SDamerican_deaths_abroad_10_09_to_06_16.csv` [U.S. State Department](https://travel.state.gov/content/travel/en/statistics/deaths.html)\n*  `SDwarnings_10_09to06_16.csv` [U.S. State Department](https://travel.state.gov/_res/rss/TWs.xml) via [Internet Archive](https://web.archive.org/web/*/https://travel.state.gov/_res/rss/TWs.xml)\n\n# Charts / data visualizations\n\n![alt text](https://cdn-images-1.medium.com/max/800/1*moPQYbzXW0Jx6AFhY8VKWQ.png)\n\n![alt text](https://cdn-images-1.medium.com/max/800/1*s1OX6ke8wlHhK4VubpVWcg.png)\n\n![alt text](https://cdn-images-1.medium.com/max/800/1*JwvpqE4YIuYfx2UEqCp9nA.png)\n\n![alt text](https://cdn-images-1.medium.com/max/800/1*LHLsJ0IzLsSlNl0UN8XrAw.png)\n\n![alt text](https://cdn-images-1.medium.com/max/800/1*l0sqn7voWyMCbwoQ2OKGfg.png)","homepage":"https://data.world/travelwarnings/travel-danger","license":"Public Domain","resources":[{"name":"btscountrycodes","schema":{"fields":[{"name":"code","title":"Code","type":"string","rdfType":"http://www.w3.org/2001/XMLSchema#string","dwSourceId":"code"},{"name":"description","title":"Description","type":"string","rdfType":"http://www.w3.org/2001/XMLSchema#string","dwSourceId":"description"}]},"path":"data/btscountrycodes.csv","format":"csv"},{"name":"btsoriginus","schema":{"fields":[{"name":"column_a","title":"Column A","type":"integer","rdfType":"http://www.w3.org/2001/XMLSchema#integer","dwSourceId":"column_a"},{"name":"x","title":"X","type":"integer","rdfType":"http://www.w3.org/2001/XMLSchema#integer","dwSourceId":"x"},{"name":"passengers","title":"PASSENGERS","type":"integer","rdfType":"http://www.w3.org/2001/XMLSchema#integer","dwSourceId":"passengers"},{"name":"origin_country","title":"ORIGIN_COUNTRY","type":"string","rdfType":"http://www.w3.org/2001/XMLSchema#string","dwSourceId":"origin_country"},{"name":"dest_country","title":"DEST_COUNTRY","type":"string","rdfType":"http://www.w3.org/2001/XMLSchema#string","dwSourceId":"dest_country"},{"name":"year","title":"YEAR","type":"gyear","rdfType":"http://www.w3.org/2001/XMLSchema#gYear","dwSourceId":"year"},{"name":"month","title":"MONTH","type":"integer","rdfType":"http://www.w3.org/2001/XMLSchema#integer","dwSourceId":"month"},{"name":"yearmonth","title":" YearMonth","type":"gyearmonth","rdfType":"http://www.w3.org/2001/XMLSchema#gYearMonth","dwSourceId":"yearmonth"}]},"path":"data/btsoriginus.csv","format":"csv"},{"name":"btsoriginus_10_09_to_06_16","schema":{"fields":[{"name":"column_a","title":"Column A","description":"Not used in analysis","type":"integer","rdfType":"http://www.w3.org/2001/XMLSchema#integer","dwSourceId":"column_a"},{"name":"x","title":"X","description":"Not used in analysis","type":"integer","rdfType":"http://www.w3.org/2001/XMLSchema#integer","dwSourceId":"x"},{"name":"passengers","title":"PASSENGERS","description":"On-Flight Market Passengers Enplaned","type":"integer","rdfType":"http://www.w3.org/2001/XMLSchema#integer","dwSourceId":"passengers"},{"name":"origin_country","title":"ORIGIN_COUNTRY","description":"Origin Airport, Country","type":"string","rdfType":"http://www.w3.org/2001/XMLSchema#string","dwSourceId":"origin_country"},{"name":"dest_country","title":"DEST_COUNTRY","description":"Destination Airport, Country","type":"string","rdfType":"http://www.w3.org/2001/XMLSchema#string","dwSourceId":"dest_country"},{"name":"year","title":"YEAR","type":"gyear","rdfType":"http://www.w3.org/2001/XMLSchema#gYear","dwSourceId":"year"},{"name":"month","title":"MONTH","type":"integer","rdfType":"http://www.w3.org/2001/XMLSchema#integer","dwSourceId":"month"},{"name":"yearmonth","title":" YearMonth","type":"gyearmonth","rdfType":"http://www.w3.org/2001/XMLSchema#gYearMonth","dwSourceId":"yearmonth"}]},"path":"data/btsoriginus_10_09_to_06_16.csv","format":"csv"},{"name":"countriesregions","schema":{"fields":[{"name":"name","title":"name","type":"string","rdfType":"http://www.w3.org/2001/XMLSchema#string","dwSourceId":"name"},{"name":"alpha_2","title":"alpha-2","type":"string","rdfType":"http://www.w3.org/2001/XMLSchema#string","dwSourceId":"alpha_2"},{"name":"alpha_3","title":"alpha-3","type":"string","rdfType":"http://www.w3.org/2001/XMLSchema#string","dwSourceId":"alpha_3"},{"name":"country_code","title":"country-code","type":"integer","rdfType":"http://www.w3.org/2001/XMLSchema#integer","dwSourceId":"country_code"},{"name":"iso_3166_2","title":"iso_3166-2","type":"string","rdfType":"http://www.w3.org/2001/XMLSchema#string","dwSourceId":"iso_3166_2"},{"name":"region","title":"region","type":"string","rdfType":"http://www.w3.org/2001/XMLSchema#string","dwSourceId":"region"},{"name":"sub_region","title":"sub-region","type":"string","rdfType":"http://www.w3.org/2001/XMLSchema#string","dwSourceId":"sub_region"}]},"path":"data/countriesregions.csv","format":"csv"},{"name":"deathbutnowarningpc","schema":{"fields":[{"name":"column_a","title":"Column A","description":"Country index, Not used in analysis","type":"integer","rdfType":"http://www.w3.org/2001/XMLSchema#integer","dwSourceId":"column_a"},{"name":"sdwarnings_df_country","title":"SDwarnings_df.Country","description":"Country name","type":"string","rdfType":"http://www.w3.org/2001/XMLSchema#string","dwSourceId":"sdwarnings_df_country"},{"name":"sdwarnings_df_region","title":"SDwarnings_df.region","type":"string","rdfType":"http://www.w3.org/2001/XMLSchema#string","dwSourceId":"sdwarnings_df_region"},{"name":"sdwarnings_df_nwarnings","title":"SDwarnings_df.nWarnings","description":"Was country subject to travel warnings in period analyzed?","type":"boolean","rdfType":"http://www.w3.org/2001/XMLSchema#boolean","dwSourceId":"sdwarnings_df_nwarnings"},{"name":"percap","title":"percap","description":"U.S. deaths per 100,000 travelers","type":"number","rdfType":"http://www.w3.org/2001/XMLSchema#decimal","dwSourceId":"percap"}]},"path":"data/deathbutnowarningpc.csv","format":"csv"},{"name":"deathspercapita_1","schema":{"fields":[{"name":"column_a","title":"Column A","description":"Country index, not used in analysis","type":"integer","rdfType":"http://www.w3.org/2001/XMLSchema#integer","dwSourceId":"column_a"},{"name":"validctrys","title":"validctrys","description":"country names","type":"string","rdfType":"http://www.w3.org/2001/XMLSchema#string","dwSourceId":"validctrys"},{"name":"ntravelers","title":"ntravelers","description":"number of travelers to the country","type":"integer","rdfType":"http://www.w3.org/2001/XMLSchema#integer","dwSourceId":"ntravelers"},{"name":"ndeaths","title":"ndeaths","description":"number of deaths in a given country","type":"integer","rdfType":"http://www.w3.org/2001/XMLSchema#integer","dwSourceId":"ndeaths"},{"name":"percap","title":"percap","description":"number of deaths per 100,000 travelers","type":"number","rdfType":"http://www.w3.org/2001/XMLSchema#decimal","dwSourceId":"percap"},{"name":"region","title":"region","description":"region of country","type":"string","rdfType":"http://www.w3.org/2001/XMLSchema#string","dwSourceId":"region"}]},"path":"data/deathspercapita_1.csv","format":"csv"},{"name":"deathsranking_csv","schema":{"fields":[{"name":"column_a","title":"Column A","description":"Country index, not used in analysis","type":"integer","rdfType":"http://www.w3.org/2001/XMLSchema#integer","dwSourceId":"column_a"},{"name":"country","title":"country","description":"country names","type":"string","rdfType":"http://www.w3.org/2001/XMLSchema#string","dwSourceId":"country"},{"name":"freq","title":"freq","description":"number of deaths by country","type":"integer","rdfType":"http://www.w3.org/2001/XMLSchema#integer","dwSourceId":"freq"}]},"path":"data/deathsranking_csv.csv","format":"csv"},{"name":"sdamerican_deaths_abroad_10_09_to_06_16","schema":{"fields":[{"name":"country","title":"country","description":"country name","type":"string","rdfType":"http://www.w3.org/2001/XMLSchema#string","dwSourceId":"country"},{"name":"date","title":"date","type":"date","rdfType":"http://www.w3.org/2001/XMLSchema#date","dwSourceId":"date"},{"name":"location","title":"location","description":"non-normalized location of death","type":"string","rdfType":"http://www.w3.org/2001/XMLSchema#string","dwSourceId":"location"},{"name":"cause_of_death","title":"cause.of.death","description":"cause of death from state department","type":"string","rdfType":"http://www.w3.org/2001/XMLSchema#string","dwSourceId":"cause_of_death"}]},"path":"data/sdamerican_deaths_abroad_10_09_to_06_16.csv","format":"csv"},{"name":"sdwarnings_10_09to06_16","schema":{"fields":[{"name":"title","title":"title","description":"title of warning with country name","type":"string","rdfType":"http://www.w3.org/2001/XMLSchema#string","dwSourceId":"title"},{"name":"country","title":"country","description":"country code","type":"string","rdfType":"http://www.w3.org/2001/XMLSchema#string","dwSourceId":"country"},{"name":"pub_date","title":"pub_date","type":"date","rdfType":"http://www.w3.org/2001/XMLSchema#date","dwSourceId":"pub_date"},{"name":"link","title":"link","description":"link to warning","type":"string","rdfType":"http://www.w3.org/2001/XMLSchema#anyURI","dwSourceId":"link"},{"name":"description","title":"description","description":"description of state department warning","type":"string","rdfType":"http://www.w3.org/2001/XMLSchema#string","dwSourceId":"description"}]},"path":"data/sdwarnings_10_09to06_16.csv","format":"csv"},{"name":"travelafterwarning","schema":{"fields":[{"name":"column_a","title":"Column A","description":"Country index, not used in analysis","type":"integer","rdfType":"http://www.w3.org/2001/XMLSchema#integer","dwSourceId":"column_a"},{"name":"travelcountries","title":"travelcountries","description":"country","type":"string","rdfType":"http://www.w3.org/2001/XMLSchema#string","dwSourceId":"travelcountries"},{"name":"travelpctchange","title":"travelpctchange","description":"percent change of travel in 6 months before and after warning","type":"number","rdfType":"http://www.w3.org/2001/XMLSchema#decimal","dwSourceId":"travelpctchange"},{"name":"region","title":"region","description":"region","type":"string","rdfType":"http://www.w3.org/2001/XMLSchema#string","dwSourceId":"region"}]},"path":"data/travelafterwarning.csv","format":"csv"},{"name":"warningbutnodeathpc","schema":{"fields":[{"name":"column_a","title":"Column A","description":"country index","type":"integer","rdfType":"http://www.w3.org/2001/XMLSchema#integer","dwSourceId":"column_a"},{"name":"sdwarnings_df_country","title":"SDwarnings_df.Country","description":"country of warning","type":"string","rdfType":"http://www.w3.org/2001/XMLSchema#string","dwSourceId":"sdwarnings_df_country"},{"name":"sdwarnings_df_region","title":"SDwarnings_df.region","description":"region","type":"string","rdfType":"http://www.w3.org/2001/XMLSchema#string","dwSourceId":"sdwarnings_df_region"},{"name":"sdwarnings_df_nwarnings","title":"SDwarnings_df.nWarnings","type":"integer","rdfType":"http://www.w3.org/2001/XMLSchema#integer","dwSourceId":"sdwarnings_df_nwarnings"},{"name":"percap","title":"percap","type":"number","rdfType":"http://www.w3.org/2001/XMLSchema#decimal","dwSourceId":"percap"}]},"path":"data/warningbutnodeathpc.csv","format":"csv"},{"name":"warningsanddeathspc","schema":{"fields":[{"name":"column_a","title":"Column A","description":"column index, not used in analysis","type":"integer","rdfType":"http://www.w3.org/2001/XMLSchema#integer","dwSourceId":"column_a"},{"name":"sdwarnings_df_country","title":"SDwarnings_df.Country","description":"country","type":"string","rdfType":"http://www.w3.org/2001/XMLSchema#string","dwSourceId":"sdwarnings_df_country"},{"name":"sdwarnings_df_region","title":"SDwarnings_df.region","description":"region","type":"string","rdfType":"http://www.w3.org/2001/XMLSchema#string","dwSourceId":"sdwarnings_df_region"},{"name":"sdwarnings_df_nwarnings","title":"SDwarnings_df.nWarnings","description":"number of warnings","type":"integer","rdfType":"http://www.w3.org/2001/XMLSchema#integer","dwSourceId":"sdwarnings_df_nwarnings"},{"name":"percap","title":"percap","description":"deaths per 100,000 travelers","type":"number","rdfType":"http://www.w3.org/2001/XMLSchema#decimal","dwSourceId":"percap"}]},"path":"data/warningsanddeathspc.csv","format":"csv"},{"name":"warningsranking","schema":{"fields":[{"name":"column_a","title":"Column A","description":"country index, not used in analysis","type":"integer","rdfType":"http://www.w3.org/2001/XMLSchema#integer","dwSourceId":"column_a"},{"name":"sdwarnings_df_country","title":"SDwarnings_df.Country","description":"country name","type":"string","rdfType":"http://www.w3.org/2001/XMLSchema#string","dwSourceId":"sdwarnings_df_country"},{"name":"sdwarnings_df_region","title":"SDwarnings_df.region","description":"region","type":"string","rdfType":"http://www.w3.org/2001/XMLSchema#string","dwSourceId":"sdwarnings_df_region"},{"name":"sdwarnings_df_nwarnings","title":"SDwarnings_df.nWarnings","description":"number of warnings by country","type":"integer","rdfType":"http://www.w3.org/2001/XMLSchema#integer","dwSourceId":"sdwarnings_df_nwarnings"}]},"path":"data/warningsranking.csv","format":"csv"},{"name":"original/BTSCountryCodes.csv","path":"original/BTSCountryCodes.csv","format":"csv","mediatype":"text/csv","bytes":3272},{"name":"original/BTSOriginUS.csv","path":"original/BTSOriginUS.csv","format":"csv","mediatype":"text/csv","bytes":10994455},{"name":"original/BTSOriginUS_10_09_to_06_16.csv","path":"original/BTSOriginUS_10_09_to_06_16.csv","format":"csv","mediatype":"text/csv","bytes":7215746},{"name":"original/CountriesRegions.xlsx","path":"original/CountriesRegions.xlsx","format":"xlsx","mediatype":"application/vnd.openxmlformats-officedocument.spreadsheetml.sheet","bytes":55902},{"name":"original/DeathsPerCapita(1).csv","path":"original/DeathsPerCapita(1).csv","format":"csv","mediatype":"text/csv","bytes":3786},{"name":"original/DeathsRanking.xlsx","path":"original/DeathsRanking.xlsx","format":"xlsx","mediatype":"application/vnd.openxmlformats-officedocument.spreadsheetml.sheet","bytes":11050},{"name":"original/Percent Change in American Travelers After Warning Issued.png","path":"original/Percent Change in American Travelers After Warning Issued.png","format":"png","mediatype":"image/png","bytes":56662},{"name":"original/SDamerican_deaths_abroad_10_09_to_06_16.csv","path":"original/SDamerican_deaths_abroad_10_09_to_06_16.csv","format":"csv","mediatype":"text/csv","bytes":319693},{"name":"original/SDwarnings_10_09to06_16.csv","path":"original/SDwarnings_10_09to06_16.csv","format":"csv","mediatype":"text/csv","bytes":6055348},{"name":"original/Top 25 Countries By Americans Killed Per Capita.png","path":"original/Top 25 Countries By Americans Killed Per Capita.png","format":"png","mediatype":"image/png","bytes":133680},{"name":"original/Top 25 Countries By Americans Killed.png","path":"original/Top 25 Countries By Americans Killed.png","format":"png","mediatype":"image/png","bytes":70221},{"name":"original/Top 25 Countries by Travel Warnings Issued.png","path":"original/Top 25 Countries by Travel Warnings Issued.png","format":"png","mediatype":"image/png","bytes":70746},{"name":"original/Travel Warnings vs. Deaths Abroad.png","path":"original/Travel Warnings vs. Deaths Abroad.png","format":"png","mediatype":"image/png","bytes":75271},{"name":"original/TravelAfterWarning.csv","path":"original/TravelAfterWarning.csv","format":"csv","mediatype":"text/csv","bytes":716},{"name":"original/WarningsRanking.csv","path":"original/WarningsRanking.csv","format":"csv","mediatype":"text/csv","bytes":6914},{"name":"original/deathbutnowarningPC.csv","path":"original/deathbutnowarningPC.csv","format":"csv","mediatype":"text/csv","bytes":184},{"name":"original/r_analysis_travel_warnings.R","path":"original/r_analysis_travel_warnings.R","format":"R","mediatype":"text/x-rsrc","bytes":13841},{"name":"original/warningbutnodeathPC.csv","path":"original/warningbutnodeathPC.csv","format":"csv","mediatype":"text/csv","bytes":316},{"name":"original/warningsanddeathsPC.csv","path":"original/warningsanddeathsPC.csv","format":"csv","mediatype":"text/csv","bytes":251}],"keywords":["travel","government","united states","international","sxsw 2017","contributors wanted"]}